user_id,name,surname,dni,email,phone,birth_date,residencia_id,empleo_id
25,Amor,Canales,99557923L,opelaez@example.net,+34885795065,1965-07-27,23,25
1,Mamen,Escribano,62462438F,xbalaguer@example.com,+34942809350,1991-11-25,1,1
2,Pastor,Millán,13045423X,amarogutierrez@example.com,+34878947908,1978-07-22,2,2
50,Severo,Coca,21068808Z,,,,38,43
3,Néstor,Costa,26572295I,,,,3,3
26,Felipa,Gimenez,79707458N,bernabe56@example.org,+34883664495,1966-04-19,24,1
4,Aitor,Llorens,06465389O,,,,4,4
5,Emilia,Adadia,91931298B,charo26@example.org,+34842041776,1996-06-25,5,5
40,Ricarda,Solís,42884973L,garzongabriel@example.com,+34806879027,1964-03-12,31,2
6,Valerio,Águila,93480013Y,ygrande@example.com,+34982017434,2007-01-20,6,6
27,Pánfilo,Tormo,88105507C,natividadsole@example.org,+34926440123,1993-12-17,6,26
7,Leonardo,Guitart,48561628I,fguerra@example.net,+34879045118,1975-03-13,7,7
8,Paco,Vazquez,23345435F,huguetesperanza@example.com,+34843560316,2000-09-10,8,8
9,Gerardo,Lloret,20401522Z,,,,9,9
28,Cloe,Roura,87087195P,ileon@example.com,+34708381273,2000-04-25,5,27
10,Priscila,Viñas,13257816J,xcarreno@example.com,+34886815649,1975-11-19,10,10
11,Felipe,Capdevila,49594180U,gloria74@example.com,+34886740001,2004-11-15,11,11
12,Martín,Verdugo,38921489W,ocoronado@example.org,+34941873706,1988-09-05,12,12
29,Paz,Sanchez,63908004X,hmiro@example.com,+34845126631,1995-07-10,7,28
13,Ángela,Ros,09852921T,,,,13,13
14,Reyna,Santamaría,85901379S,vera29@example.net,+34823942296,1966-08-29,14,14
41,Graciana,Beltran,51458042I,wblazquez@example.com,+34882824402,1969-12-17,11,38
15,Eric,Palomino,83061280T,chus95@example.org,+34920695135,1955-11-20,15,15
30,Francisco Jose,Olivera,59291481S,kgonzalez@example.org,+34971638464,1986-11-08,25,11
16,Eva María,Pedro,23409593G,acaceres@example.org,+34701277211,1963-08-18,5,16
17,Custodia,Isern,57999480F,montserratetelvina@example.org,+34866769381,1978-09-28,16,17
18,Vasco,Samper,86121539U,vchacon@example.net,+34877208918,1958-08-18,17,18
31,Tania,Acuña,50742960E,lmenendez@example.org,+34925342880,1980-07-10,26,29
19,Celestina,Arcos,75565510I,dballester@example.com,+34885507959,1986-04-20,18,19
20,Manu,Pablo,96851669V,marcela62@example.net,+34871288032,1997-08-02,12,20
21,Celia,Borja,43115936T,alcaldejeronimo@example.net,+34921241153,1976-07-30,19,21
32,Daniel,Llanos,11811456D,ramondiana@example.net,+34710657628,1966-06-19,6,30
22,Catalina,Acosta,21700539W,,,,20,22
23,María,Lillo,75308709M,maristela99@example.com,+34981104984,1970-08-12,21,23
42,Eutropio,Diaz,29906054K,allabres@example.com,+34922820415,1973-12-19,32,20
24,Candelas,Villena,91332647O,,,,22,24
33,Jenny,Lumbreras,04005892P,elorzaclimaco@example.net,+34846995782,1955-11-22,27,31
51,Cloe,Ródenas,20029565V,,,,39,44
34,Filomena,Larrañaga,93205423Z,chema29@example.org,+34945311873,1973-04-19,17,32
43,Raúl,Villalobos,75381912C,marianobustos@example.org,+34842649525,1963-08-12,33,39
35,Leocadia,Sobrino,61488348R,pancho15@example.net,+34971274069,1956-10-16,10,33
36,Tiburcio,Borja,02561844H,,,,28,34
37,Víctor,Montaña,60015446Z,vivianacespedes@example.com,+34842569889,1976-04-03,16,35
44,Florencio,Bueno,56566659E,candidoreyes@example.org,+34972101351,1986-11-03,34,8
38,Fidela,Ferrera,25706893Y,romuloordonez@example.net,+34946417621,1963-01-29,29,36
39,Jordana,Román,56034010J,joan80@example.org,+34842123841,1970-06-04,30,37
61,Etelvina,Arroyo,35089849X,domingalujan@example.com,+34748617694,1960-12-04,12,29
45,Rosalinda,Guzmán,00249997R,praya@example.org,+34826004735,1978-12-14,35,27
52,Juan,Ayuso,54127186Y,concepcion75@example.com,+34881115906,1983-11-13,40,7
46,Paz,Samper,22206156E,,,,36,40
47,Espiridión,Calvet,63648348T,,,,37,41
58,Maura,Santamaría,90509229N,leireocana@example.net,+34900278483,1963-05-20,25,48
48,Aroa,Bertrán,93909603O,juan-manuel96@example.org,+34881270862,1995-05-26,12,42
53,Héctor,Blanes,96244311G,,,,41,45
49,Cruz,Collado,81531675B,elastra@example.org,+34958221418,1985-11-04,1,18
54,Jose,Santana,69369298X,unavarro@example.com,+34741725824,2005-03-13,12,39
59,Sara,Iglesia,10189317O,telloolivia@example.com,+34946097873,1994-07-20,27,49
55,Leocadio,Lopez,47435074G,aaroncoll@example.org,+34873438357,1962-11-15,12,29
56,Manuel,Delgado,50531709O,,,,42,46
64,Fabio,Camino,72791208C,rurena@example.com,+34847264202,1956-03-03,2,33
57,Inocencio,Sancho,64249716Q,irma80@example.com,+34723830996,2006-11-30,15,47
62,Azucena,Pedro,30839487T,,,,44,50
60,Rebeca,Salas,85726106X,teofilo22@example.net,+34854499566,1994-09-08,43,5
67,Marco,Rosell,98286820S,maria-dolores01@example.com,+34842400107,1996-04-14,27,52
63,Evelia,Amorós,40485142P,samperroque@example.com,+34803051657,2000-05-15,45,1
66,Marta,Pavón,31262686S,diegoanton@example.net,+34876796134,2001-10-07,46,51
65,Martín,Barriga,21873297B,ocabrero@example.org,+34845745665,1963-10-04,26,47
68,Manuela,Luna,45182566U,victorino94@example.com,+34947497031,1996-08-20,47,53
69,Ibán,Alonso,17849467V,yagoabad@example.org,+34832337305,1959-07-26,48,54
70,Marc,Osorio,38270520V,alondraalfonso@example.org,+34820907307,1969-05-10,48,55
71,Rafa,Pina,96657490Z,bermudezeufemia@example.org,+34841739707,1976-05-14,27,56
72,Natividad,Perelló,36735283X,ruy58@example.org,+34883353255,1961-02-14,33,27
73,Fausto,Tamarit,98378758P,sblanco@example.net,+34933802084,1958-09-03,8,57
74,Trinidad,Garay,38536455W,peiroprimitivo@example.org,+34884557098,2006-10-29,35,2
75,Ciríaco,Mendizábal,00204602V,,,,49,58
76,Julián,Puerta,57603755G,castejonamanda@example.org,+34982223695,1967-11-20,15,59
77,Lisandro,Prado,88098696Z,kcalderon@example.net,+34983341342,1987-06-13,50,56
114,Rosalva,Estrada,77052044P,lucasjose-ignacio@example.com,+34985875506,1958-03-29,62,55
78,Primitivo,Iniesta,25073029D,,,,51,60
100,Samanta,Arribas,26942627P,salgadoanabel@example.com,+34882787716,2003-04-19,56,73
79,Matilde,Milla,52759715U,pmendez@example.net,+34972067587,2004-08-12,23,42
80,Lupe,Asenjo,47096978K,donososilvio@example.com,+34876798643,1960-03-30,31,17
81,Seve,Moraleda,22102998X,vicentasarabia@example.net,+34827024182,1992-12-17,29,20
101,Flora,Peinado,51748452J,rogeliojulian@example.org,+34749418124,1999-11-06,12,74
82,Roberta,Maza,43906022Q,omendoza@example.org,+34841345748,1994-11-25,6,61
83,Pío,Calvo,13073184D,,,,52,62
84,Ceferino,Pereira,87489928V,rcalatayud@example.net,+34830609738,1987-10-24,1,20
102,Casandra,Olivares,19815916L,rmontana@example.net,+34979373067,2002-01-15,57,75
85,Elisa,Girón,46368312G,matasluna@example.com,+34702244656,1983-03-25,2,63
86,Xavier,Belda,49497965O,baqueroazahar@example.org,+34866569739,1994-09-22,53,48
115,Ale,Hurtado,69396869P,malotono@example.org,+34884485323,1962-09-13,53,1
87,Moreno,Casares,26425821U,hlinares@example.net,+34828908588,1996-01-12,7,42
103,Rodrigo,Bas,08977266D,vascocasas@example.net,+34887568230,1982-08-20,58,17
88,Florina,Ruiz,54068816D,egarriga@example.org,+34987071079,1957-11-02,33,64
89,Ignacio,Salom,41279239L,,,,54,65
90,Sigfrido,Uriarte,54759597J,comaspaulino@example.net,+34886454168,1969-06-24,15,52
104,Guiomar,Barbero,59451356J,,,,59,76
91,Nereida,Bustos,94674983C,leon00@example.org,+34746824777,1976-11-29,31,66
92,Lisandro,Jover,20014917Z,ucifuentes@example.net,+34843838632,1998-10-04,2,67
93,Florentino,Pont,17222626U,adalberto48@example.org,+34881258354,1984-01-21,46,68
105,Ligia,Baeza,63810813E,bibiana30@example.net,+34845876870,1984-02-24,12,77
94,Cristian,Niño,77125818C,juan-franciscoprats@example.org,+34924080558,1964-05-01,55,38
95,Ciriaco,Ropero,85366976E,monrealkike@example.com,+34985953832,1992-05-20,26,69
116,Francisco Jose,Quevedo,00970737T,,,,63,80
96,Edmundo,Guillen,56505229R,qgargallo@example.com,+34943393420,1961-06-07,12,70
106,Hernán,Goicoechea,01413358R,,,,60,78
97,Albert,Tejero,39742718D,mbermejo@example.net,+34987112614,1977-05-09,8,71
98,Cintia,Miranda,05861403S,efrain85@example.com,+34980756423,1974-11-14,1,72
99,Gabino,Calderon,84401327A,anayaemiliana@example.org,+34806869679,2003-11-20,40,18
107,Flora,Batalla,92446405Y,rharo@example.net,+34800906013,1993-10-20,19,59
117,Bartolomé,Benítez,00245166I,ginerjenaro@example.org,+34823767757,2001-09-24,31,8
108,Fortunata,Arana,71335066V,,,,61,79
109,Bernardo,Busquets,91031747D,moralesclaudia@example.com,+34886791558,1988-04-25,8,53
110,Juan José,Corominas,47670788J,tescriva@example.com,+34883839977,1986-01-21,12,63
118,Leoncio,Tomas,91101642U,esparzazoraida@example.org,+34875517867,1989-01-04,16,66
111,Gema,Andreu,00128392S,alfredo00@example.com,+34967520263,1973-06-23,58,68
112,Miguel Ángel,Cabañas,44196533R,emigdio67@example.net,+34731908673,1990-01-21,12,56
113,Jose Manuel,Andres,61561319W,manzanolupe@example.com,+34973426512,1999-06-03,12,26
119,Manu,Baeza,19658977K,susanita07@example.com,+34888180592,1999-09-19,34,81
120,Gloria,Alfonso,25186078G,ricardo77@example.com,+34846074709,1960-11-13,46,53
